{
  "id": "/subscriptions/8b5dea77-e6de-4b2a-8416-1f2bfaa9bdc9/resourceGroups/IAD/providers/Microsoft.Resources/deployments/ngovanuc_1752044909653",
  "name": "ngovanuc_1752044909653",
  "type": "Microsoft.Resources/deployments",
  "tags": {
    "primaryResourceId": "/subscriptions/8b5dea77-e6de-4b2a-8416-1f2bfaa9bdc9/resourcegroups/IAD/providers/Microsoft.Storage/storageAccounts/ngovanuc",
    "marketplaceItemId": "Microsoft.StorageAccount",
    "provisioningHash": "FileStorage"
  },
  "properties": {
    "templateHash": "8714006849251121813",
    "parameters": {
      "location": {
        "type": "String",
        "value": "indonesiacentral"
      },
      "storageAccountName": {
        "type": "String",
        "value": "ngovanuc"
      },
      "accountType": {
        "type": "String",
        "value": "Standard_LRS"
      },
      "kind": {
        "type": "String",
        "value": "StorageV2"
      },
      "minimumTlsVersion": {
        "type": "String",
        "value": "TLS1_2"
      },
      "supportsHttpsTrafficOnly": {
        "type": "Bool",
        "value": true
      },
      "allowBlobPublicAccess": {
        "type": "Bool",
        "value": false
      },
      "allowSharedKeyAccess": {
        "type": "Bool",
        "value": true
      },
      "defaultOAuth": {
        "type": "Bool",
        "value": false
      },
      "accessTier": {
        "type": "String",
        "value": "Hot"
      },
      "publicNetworkAccess": {
        "type": "String",
        "value": "Enabled"
      },
      "allowCrossTenantReplication": {
        "type": "Bool",
        "value": false
      },
      "networkAclsBypass": {
        "type": "String",
        "value": "AzureServices"
      },
      "networkAclsDefaultAction": {
        "type": "String",
        "value": "Allow"
      },
      "networkAclsIpRules": {
        "type": "Array",
        "value": []
      },
      "dnsEndpointType": {
        "type": "String",
        "value": "Standard"
      },
      "largeFileSharesState": {
        "type": "String",
        "value": "Enabled"
      },
      "keySource": {
        "type": "String",
        "value": "Microsoft.Storage"
      },
      "encryptionEnabled": {
        "type": "Bool",
        "value": true
      },
      "keyTypeForTableAndQueueEncryption": {
        "type": "String",
        "value": "Account"
      },
      "infrastructureEncryptionEnabled": {
        "type": "Bool",
        "value": false
      },
      "isBlobSoftDeleteEnabled": {
        "type": "Bool",
        "value": true
      },
      "blobSoftDeleteRetentionDays": {
        "type": "Int",
        "value": 7
      },
      "isContainerSoftDeleteEnabled": {
        "type": "Bool",
        "value": true
      },
      "containerSoftDeleteRetentionDays": {
        "type": "Int",
        "value": 7
      },
      "isShareSoftDeleteEnabled": {
        "type": "Bool",
        "value": true
      },
      "shareSoftDeleteRetentionDays": {
        "type": "Int",
        "value": 7
      }
    },
    "mode": "Incremental",
    "debugSetting": {
      "detailLevel": "None"
    },
    "provisioningState": "Succeeded",
    "timestamp": "2025-07-09T07:10:07.523543Z",
    "duration": "PT36.444956S",
    "correlationId": "60eef530-cc2e-4e47-a1ae-59c23bb6e919",
    "providers": [
      {
        "namespace": "Microsoft.Storage",
        "resourceTypes": [
          {
            "resourceType": "storageAccounts",
            "locations": [
              "indonesiacentral"
            ]
          },
          {
            "resourceType": "storageAccounts/blobServices",
            "locations": [
              null
            ]
          },
          {
            "resourceType": "storageAccounts/fileservices",
            "locations": [
              null
            ]
          }
        ]
      }
    ],
    "dependencies": [
      {
        "dependsOn": [
          {
            "id": "/subscriptions/8b5dea77-e6de-4b2a-8416-1f2bfaa9bdc9/resourceGroups/IAD/providers/Microsoft.Storage/storageAccounts/ngovanuc",
            "resourceType": "Microsoft.Storage/storageAccounts",
            "resourceName": "ngovanuc"
          }
        ],
        "id": "/subscriptions/8b5dea77-e6de-4b2a-8416-1f2bfaa9bdc9/resourceGroups/IAD/providers/Microsoft.Storage/storageAccounts/ngovanuc/blobServices/default",
        "resourceType": "Microsoft.Storage/storageAccounts/blobServices",
        "resourceName": "ngovanuc/default"
      },
      {
        "dependsOn": [
          {
            "id": "/subscriptions/8b5dea77-e6de-4b2a-8416-1f2bfaa9bdc9/resourceGroups/IAD/providers/Microsoft.Storage/storageAccounts/ngovanuc",
            "resourceType": "Microsoft.Storage/storageAccounts",
            "resourceName": "ngovanuc"
          },
          {
            "id": "/subscriptions/8b5dea77-e6de-4b2a-8416-1f2bfaa9bdc9/resourceGroups/IAD/providers/Microsoft.Storage/storageAccounts/ngovanuc/blobServices/default",
            "resourceType": "Microsoft.Storage/storageAccounts/blobServices",
            "resourceName": "ngovanuc/default"
          }
        ],
        "id": "/subscriptions/8b5dea77-e6de-4b2a-8416-1f2bfaa9bdc9/resourceGroups/IAD/providers/Microsoft.Storage/storageAccounts/ngovanuc/fileservices/default",
        "resourceType": "Microsoft.Storage/storageAccounts/fileservices",
        "resourceName": "ngovanuc/default"
      }
    ],
    "outputs": {},
    "outputResources": [
      {
        "id": "/subscriptions/8b5dea77-e6de-4b2a-8416-1f2bfaa9bdc9/resourceGroups/IAD/providers/Microsoft.Storage/storageAccounts/ngovanuc"
      },
      {
        "id": "/subscriptions/8b5dea77-e6de-4b2a-8416-1f2bfaa9bdc9/resourceGroups/IAD/providers/Microsoft.Storage/storageAccounts/ngovanuc/blobServices/default"
      },
      {
        "id": "/subscriptions/8b5dea77-e6de-4b2a-8416-1f2bfaa9bdc9/resourceGroups/IAD/providers/Microsoft.Storage/storageAccounts/ngovanuc/fileservices/default"
      }
    ],
    "validationLevel": "Template"
  }
}