[
  {
    "id": "/subscriptions/8b5dea77-e6de-4b2a-8416-1f2bfaa9bdc9/resourceGroups/IAD/providers/Microsoft.Resources/deployments/ngovanuc_1752044909653/operations/135B3EF121603A4C",
    "operationId": "135B3EF121603A4C",
    "properties": {
      "provisioningOperation": "Create",
      "provisioningState": "Succeeded",
      "timestamp": "2025-07-09T07:09:34.4747646Z",
      "duration": "PT32.767528S",
      "trackingId": "380541ed-9a7b-4fe7-8e6d-f879068b3c38",
      "statusCode": "OK",
      "targetResource": {
        "id": "/subscriptions/8b5dea77-e6de-4b2a-8416-1f2bfaa9bdc9/resourceGroups/IAD/providers/Microsoft.Storage/storageAccounts/ngovanuc/fileservices/default",
        "resourceType": "Microsoft.Storage/storageAccounts/fileservices",
        "resourceName": "ngovanuc/default"
      }
    }
  },
  {
    "id": "/subscriptions/8b5dea77-e6de-4b2a-8416-1f2bfaa9bdc9/resourceGroups/IAD/providers/Microsoft.Resources/deployments/ngovanuc_1752044909653/operations/153F6E9824F6B4E8",
    "operationId": "153F6E9824F6B4E8",
    "properties": {
      "provisioningOperation": "Create",
      "provisioningState": "Succeeded",
      "timestamp": "2025-07-09T07:09:34.4747646Z",
      "duration": "PT32.3612556S",
      "trackingId": "666c5315-9f3e-416c-9db8-659ccf05460d",
      "statusCode": "OK",
      "targetResource": {
        "id": "/subscriptions/8b5dea77-e6de-4b2a-8416-1f2bfaa9bdc9/resourceGroups/IAD/providers/Microsoft.Storage/storageAccounts/ngovanuc/blobServices/default",
        "resourceType": "Microsoft.Storage/storageAccounts/blobServices",
        "resourceName": "ngovanuc/default"
      }
    }
  },
  {
    "id": "/subscriptions/8b5dea77-e6de-4b2a-8416-1f2bfaa9bdc9/resourceGroups/IAD/providers/Microsoft.Resources/deployments/ngovanuc_1752044909653/operations/638433FB1CA807A8",
    "operationId": "638433FB1CA807A8",
    "properties": {
      "provisioningOperation": "Create",
      "provisioningState": "Succeeded",
      "timestamp": "2025-07-09T07:09:34.4747646Z",
      "duration": "PT30.0019003S",
      "trackingId": "b7922120-6297-4fe7-b4ad-7f3c784addc4",
      "statusCode": "OK",
      "targetResource": {
        "id": "/subscriptions/8b5dea77-e6de-4b2a-8416-1f2bfaa9bdc9/resourceGroups/IAD/providers/Microsoft.Storage/storageAccounts/ngovanuc",
        "resourceType": "Microsoft.Storage/storageAccounts",
        "resourceName": "ngovanuc"
      }
    }
  },
  {
    "id": "/subscriptions/8b5dea77-e6de-4b2a-8416-1f2bfaa9bdc9/resourceGroups/IAD/providers/Microsoft.Resources/deployments/ngovanuc_1752044909653/operations/08584495619143846295",
    "operationId": "08584495619143846295",
    "properties": {
      "provisioningOperation": "EvaluateDeploymentOutput",
      "provisioningState": "Succeeded",
      "timestamp": "2025-07-09T07:09:34.4747646Z",
      "duration": "PT32.939339S",
      "trackingId": "a2476897-ddcf-430b-966a-166564a6c321",
      "statusCode": "OK"
    }
  }
]